datetime,symbol,open,high,low,close,volume,symbol_group,asset_class,expiry
2017-01-03 00:00:00+00:00,AAPL,113.5,114.02,112.49,113.85,28781900,AAPL,STK,
2017-01-04 00:00:00+00:00,AAPL,113.55,114.2,113.46,113.72,21118100,AAPL,STK,
2017-01-05 00:00:00+00:00,AAPL,113.62,114.54,113.51,114.3,22193600,AAPL,STK,
2017-01-06 00:00:00+00:00,AAPL,114.47,115.82,114.16,115.57,31751900,AAPL,STK,
2017-01-09 00:00:00+00:00,AAPL,115.61,117.06,115.6,116.63,33561900,AAPL,STK,
2017-01-10 00:00:00+00:00,AAPL,116.42,117.01,115.95,116.75,24462100,AAPL,STK,
2017-01-11 00:00:00+00:00,AAPL,116.39,117.55,116.25,117.38,27588600,AAPL,STK,
2017-01-12 00:00:00+00:00,AAPL,116.54,116.94,115.87,116.89,27086200,AAPL,STK,
2017-01-13 00:00:00+00:00,AAPL,116.75,117.25,116.45,116.68,26111900,AAPL,STK,
2017-01-17 00:00:00+00:00,AAPL,115.99,117.86,115.88,117.62,34439800,AAPL,STK,
2017-01-18 00:00:00+00:00,AAPL,117.62,118.11,117.34,117.61,23713000,AAPL,STK,
2017-01-19 00:00:00+00:00,AAPL,117.03,117.71,117.0,117.41,25597300,AAPL,STK,
2017-01-20 00:00:00+00:00,AAPL,118.06,118.06,117.36,117.62,32597900,AAPL,STK,
2017-01-23 00:00:00+00:00,AAPL,117.62,118.42,117.4,117.7,22050200,AAPL,STK,
2017-01-24 00:00:00+00:00,AAPL,117.18,117.72,117.13,117.59,23211000,AAPL,STK,
2017-01-25 00:00:00+00:00,AAPL,118.03,119.68,117.9,119.46,32377600,AAPL,STK,
2017-01-26 00:00:00+00:00,AAPL,119.26,120.01,119.19,119.52,26337600,AAPL,STK,
2017-01-27 00:00:00+00:00,AAPL,119.72,119.92,119.19,119.53,20562900,AAPL,STK,
2017-01-30 00:00:00+00:00,AAPL,118.53,119.22,118.27,119.22,30377500,AAPL,STK,
2017-01-31 00:00:00+00:00,AAPL,118.75,118.98,118.23,118.94,49201000,AAPL,STK,
2017-02-01 00:00:00+00:00,AAPL,124.51,127.9,124.49,126.2,111985000,AAPL,STK,
2017-02-02 00:00:00+00:00,AAPL,125.44,126.83,125.25,125.98,33710400,AAPL,STK,
2017-02-03 00:00:00+00:00,AAPL,125.77,126.63,125.62,126.52,24507300,AAPL,STK,
2017-02-06 00:00:00+00:00,AAPL,126.57,127.91,126.34,127.71,26845900,AAPL,STK,
2017-02-07 00:00:00+00:00,AAPL,127.95,129.47,127.86,128.92,38183800,AAPL,STK,
2017-02-08 00:00:00+00:00,AAPL,128.75,129.6,128.62,129.42,23004100,AAPL,STK,
2017-02-09 00:00:00+00:00,AAPL,129.6,130.39,129.08,130.36,28349900,AAPL,STK,
2017-02-10 00:00:00+00:00,AAPL,130.4,130.87,129.99,130.06,20065500,AAPL,STK,
2017-02-13 00:00:00+00:00,AAPL,131.01,131.74,130.68,131.21,23035400,AAPL,STK,
2017-02-14 00:00:00+00:00,AAPL,131.39,132.99,131.17,132.92,33226200,AAPL,STK,
2017-02-15 00:00:00+00:00,AAPL,133.41,134.15,132.52,133.4,35623100,AAPL,STK,
2017-02-16 00:00:00+00:00,AAPL,133.56,133.78,132.74,133.24,22584600,AAPL,STK,
2017-02-17 00:00:00+00:00,AAPL,133.0,133.71,133.0,133.61,22198200,AAPL,STK,
2017-02-21 00:00:00+00:00,AAPL,134.11,134.62,133.86,134.57,24507200,AAPL,STK,
2017-02-22 00:00:00+00:00,AAPL,134.31,134.98,133.99,134.97,20836900,AAPL,STK,
2017-02-23 00:00:00+00:00,AAPL,135.24,135.34,134.18,134.4,20788200,AAPL,STK,
2017-02-24 00:00:00+00:00,AAPL,133.79,134.53,133.17,134.53,21776600,AAPL,STK,
2017-02-27 00:00:00+00:00,AAPL,135.0,135.3,134.16,134.8,20257400,AAPL,STK,
2017-02-28 00:00:00+00:00,AAPL,134.95,135.3,134.57,134.86,23482900,AAPL,STK,
2017-03-01 00:00:00+00:00,AAPL,135.74,137.97,135.46,137.61,36414600,AAPL,STK,
2017-03-02 00:00:00+00:00,AAPL,137.82,138.1,136.6,136.8,26211000,AAPL,STK,
2017-03-03 00:00:00+00:00,AAPL,136.62,137.65,136.43,137.6,21108100,AAPL,STK,
2017-03-06 00:00:00+00:00,AAPL,137.2,137.59,136.44,137.17,21750000,AAPL,STK,
2017-03-07 00:00:00+00:00,AAPL,136.89,137.8,136.63,137.35,17446300,AAPL,STK,
2017-03-08 00:00:00+00:00,AAPL,136.79,137.62,136.66,136.84,18707200,AAPL,STK,
2017-03-09 00:00:00+00:00,AAPL,136.58,136.63,134.92,136.52,22155900,AAPL,STK,
2017-03-10 00:00:00+00:00,AAPL,137.08,137.19,136.48,136.97,19612800,AAPL,STK,
2017-03-13 00:00:00+00:00,AAPL,136.69,137.26,136.66,137.03,17421700,AAPL,STK,
2017-03-14 00:00:00+00:00,AAPL,137.13,137.48,136.68,136.83,15309100,AAPL,STK,
2017-03-15 00:00:00+00:00,AAPL,137.24,138.56,136.86,138.27,25691800,AAPL,STK,
2017-03-16 00:00:00+00:00,AAPL,138.53,138.82,138.08,138.5,19232000,AAPL,STK,
2017-03-17 00:00:00+00:00,AAPL,138.8,138.8,137.71,137.81,43885000,AAPL,STK,
2017-03-20 00:00:00+00:00,AAPL,138.21,139.3,138.05,139.26,21542000,AAPL,STK,
2017-03-21 00:00:00+00:00,AAPL,139.9,140.58,137.55,137.66,39529900,AAPL,STK,
2017-03-22 00:00:00+00:00,AAPL,137.67,139.39,137.58,139.22,25860200,AAPL,STK,
2017-03-23 00:00:00+00:00,AAPL,139.06,139.38,138.42,138.73,20346300,AAPL,STK,
2017-03-24 00:00:00+00:00,AAPL,139.3,139.53,138.16,138.45,22395600,AAPL,STK,
2017-03-27 00:00:00+00:00,AAPL,137.22,139.02,136.46,138.69,23575100,AAPL,STK,
2017-03-28 00:00:00+00:00,AAPL,138.72,141.8,138.43,141.56,33374800,AAPL,STK,
2017-03-29 00:00:00+00:00,AAPL,141.44,142.24,140.96,141.88,29190000,AAPL,STK,
2017-03-30 00:00:00+00:00,AAPL,141.94,142.25,141.27,141.69,21207300,AAPL,STK,
2017-03-31 00:00:00+00:00,AAPL,141.48,142.02,140.78,141.42,19661700,AAPL,STK,
2017-04-03 00:00:00+00:00,AAPL,141.47,141.88,140.82,141.46,19985700,AAPL,STK,
2017-04-04 00:00:00+00:00,AAPL,141.02,142.63,140.94,142.52,19891400,AAPL,STK,
2017-04-05 00:00:00+00:00,AAPL,141.97,143.19,141.57,141.78,27717900,AAPL,STK,
2017-04-06 00:00:00+00:00,AAPL,142.04,142.27,141.22,141.42,21149000,AAPL,STK,
2017-04-07 00:00:00+00:00,AAPL,141.49,141.93,141.04,141.11,16672200,AAPL,STK,
2017-04-10 00:00:00+00:00,AAPL,141.36,141.64,140.67,140.94,18933400,AAPL,STK,
2017-04-11 00:00:00+00:00,AAPL,140.71,141.12,137.88,139.42,30379400,AAPL,STK,
2017-04-12 00:00:00+00:00,AAPL,139.39,139.94,138.81,139.59,20350000,AAPL,STK,
2017-04-13 00:00:00+00:00,AAPL,139.7,140.16,138.85,138.85,17822900,AAPL,STK,
2017-04-17 00:00:00+00:00,AAPL,139.28,139.67,138.68,139.62,16582100,AAPL,STK,
2017-04-18 00:00:00+00:00,AAPL,139.21,139.83,138.91,139.0,14697500,AAPL,STK,
2017-04-19 00:00:00+00:00,AAPL,139.67,139.79,138.26,138.49,17328400,AAPL,STK,
2017-04-20 00:00:00+00:00,AAPL,139.02,140.69,138.96,140.22,23319600,AAPL,STK,
2017-04-21 00:00:00+00:00,AAPL,140.22,140.46,139.64,140.05,17320900,AAPL,STK,
2017-04-24 00:00:00+00:00,AAPL,141.27,141.71,140.95,141.4,17134300,AAPL,STK,
2017-04-25 00:00:00+00:00,AAPL,141.67,142.64,141.63,142.28,18871500,AAPL,STK,
2017-04-26 00:00:00+00:00,AAPL,142.22,142.35,141.15,141.44,20041200,AAPL,STK,
2017-04-27 00:00:00+00:00,AAPL,141.68,141.91,141.08,141.55,14246300,AAPL,STK,
2017-04-28 00:00:00+00:00,AAPL,141.85,142.05,141.04,141.41,20860400,AAPL,STK,
2017-05-01 00:00:00+00:00,AAPL,142.84,144.91,142.7,144.3,33602900,AAPL,STK,
2017-05-02 00:00:00+00:00,AAPL,145.24,145.78,144.55,145.21,45352200,AAPL,STK,
2017-05-03 00:00:00+00:00,AAPL,143.32,145.19,142.02,144.77,45697000,AAPL,STK,
2017-05-04 00:00:00+00:00,AAPL,144.24,144.85,143.54,144.25,23371900,AAPL,STK,
2017-05-05 00:00:00+00:00,AAPL,144.47,146.66,144.47,146.64,27327700,AAPL,STK,
2017-05-08 00:00:00+00:00,AAPL,146.71,151.31,146.71,150.63,48752400,AAPL,STK,
2017-05-09 00:00:00+00:00,AAPL,151.47,152.47,151.06,151.59,39130400,AAPL,STK,
2017-05-10 00:00:00+00:00,AAPL,151.24,151.54,149.74,150.87,25805700,AAPL,STK,
2017-05-11 00:00:00+00:00,AAPL,150.7,152.3,150.56,152.18,27255100,AAPL,STK,
2017-05-12 00:00:00+00:00,AAPL,152.92,154.62,152.89,154.3,32527000,AAPL,STK,
2017-05-15 00:00:00+00:00,AAPL,154.21,154.85,153.27,153.91,26009700,AAPL,STK,
2017-05-16 00:00:00+00:00,AAPL,154.15,154.26,152.94,153.68,20048500,AAPL,STK,
2017-05-17 00:00:00+00:00,AAPL,151.83,152.79,147.99,148.52,50767700,AAPL,STK,
2017-05-18 00:00:00+00:00,AAPL,149.53,151.58,149.39,150.78,33568200,AAPL,STK,
2017-05-19 00:00:00+00:00,AAPL,151.61,152.21,150.87,151.3,26960800,AAPL,STK,
2017-05-22 00:00:00+00:00,AAPL,152.23,152.8,151.15,152.22,22966400,AAPL,STK,
2017-05-23 00:00:00+00:00,AAPL,153.12,153.12,151.55,152.03,19918900,AAPL,STK,
2017-05-24 00:00:00+00:00,AAPL,152.07,152.4,150.91,151.58,19178000,AAPL,STK,
2017-05-25 00:00:00+00:00,AAPL,151.96,152.57,151.27,152.1,19235600,AAPL,STK,
2017-05-26 00:00:00+00:00,AAPL,152.23,152.46,151.55,151.84,21701100,AAPL,STK,
2017-05-30 00:00:00+00:00,AAPL,151.65,152.65,151.57,151.9,20126900,AAPL,STK,
2017-05-31 00:00:00+00:00,AAPL,152.2,152.4,150.63,151.0,24451200,AAPL,STK,
2017-06-01 00:00:00+00:00,AAPL,151.41,151.57,150.47,151.42,16404100,AAPL,STK,
2017-06-02 00:00:00+00:00,AAPL,151.81,153.66,151.13,153.66,27770700,AAPL,STK,
2017-06-05 00:00:00+00:00,AAPL,152.56,152.67,151.69,152.16,25331700,AAPL,STK,
2017-06-06 00:00:00+00:00,AAPL,152.13,154.02,152.01,152.67,26624900,AAPL,STK,
2017-06-07 00:00:00+00:00,AAPL,153.24,154.18,152.7,153.58,21069600,AAPL,STK,
2017-06-08 00:00:00+00:00,AAPL,153.46,153.75,152.62,153.21,21250800,AAPL,STK,
2017-06-09 00:00:00+00:00,AAPL,153.4,153.4,144.34,147.27,64882700,AAPL,STK,
2017-06-12 00:00:00+00:00,AAPL,144.06,144.41,140.87,143.75,72307300,AAPL,STK,
2017-06-13 00:00:00+00:00,AAPL,145.47,145.75,143.48,144.9,34165400,AAPL,STK,
2017-06-14 00:00:00+00:00,AAPL,145.8,145.8,142.18,143.49,31531200,AAPL,STK,
2017-06-15 00:00:00+00:00,AAPL,141.67,142.82,140.57,142.63,32165400,AAPL,STK,
2017-06-16 00:00:00+00:00,AAPL,142.13,142.84,140.56,140.63,50361100,AAPL,STK,
2017-06-19 00:00:00+00:00,AAPL,142.01,145.05,142.01,144.66,32541400,AAPL,STK,
2017-06-20 00:00:00+00:00,AAPL,145.18,145.18,143.27,143.34,24900100,AAPL,STK,
2017-06-21 00:00:00+00:00,AAPL,143.85,144.39,142.95,144.19,21265800,AAPL,STK,
2017-06-22 00:00:00+00:00,AAPL,144.09,145.01,143.45,143.95,19106300,AAPL,STK,
2017-06-23 00:00:00+00:00,AAPL,143.46,145.47,143.44,144.6,35439400,AAPL,STK,
2017-06-26 00:00:00+00:00,AAPL,145.48,146.57,143.71,144.14,25692400,AAPL,STK,
2017-06-27 00:00:00+00:00,AAPL,143.34,144.48,141.97,142.08,24761900,AAPL,STK,
2017-06-28 00:00:00+00:00,AAPL,142.83,144.43,141.51,144.15,22082400,AAPL,STK,
2017-06-29 00:00:00+00:00,AAPL,143.04,143.46,140.64,142.03,31499400,AAPL,STK,
2017-06-30 00:00:00+00:00,AAPL,142.79,143.29,142.13,142.36,23024100,AAPL,STK,
2017-07-03 00:00:00+00:00,AAPL,143.21,143.63,141.45,141.85,14258300,AAPL,STK,
2017-07-05 00:00:00+00:00,AAPL,142.04,143.12,141.08,142.43,21569600,AAPL,STK,
2017-07-06 00:00:00+00:00,AAPL,141.37,141.85,140.77,141.09,24128800,AAPL,STK,
2017-07-07 00:00:00+00:00,AAPL,141.26,143.08,141.26,142.52,19201700,AAPL,STK,
2017-07-10 00:00:00+00:00,AAPL,142.45,144.27,141.72,143.39,21090600,AAPL,STK,
2017-07-11 00:00:00+00:00,AAPL,143.06,144.17,142.72,143.85,19781800,AAPL,STK,
2017-07-12 00:00:00+00:00,AAPL,144.19,144.5,143.15,144.06,24884500,AAPL,STK,
2017-07-13 00:00:00+00:00,AAPL,143.83,146.78,143.77,146.07,25199400,AAPL,STK,
2017-07-14 00:00:00+00:00,AAPL,146.27,147.61,145.63,147.32,20132100,AAPL,STK,
2017-07-17 00:00:00+00:00,AAPL,147.11,149.16,146.86,147.84,23793500,AAPL,STK,
2017-07-18 00:00:00+00:00,AAPL,147.48,148.4,146.96,148.35,17868800,AAPL,STK,
2017-07-19 00:00:00+00:00,AAPL,148.75,149.68,148.22,149.28,20923000,AAPL,STK,
2017-07-20 00:00:00+00:00,AAPL,149.76,149.99,148.46,148.61,17243700,AAPL,STK,
2017-07-21 00:00:00+00:00,AAPL,148.26,148.71,147.17,148.54,26252600,AAPL,STK,
2017-07-24 00:00:00+00:00,AAPL,148.85,150.69,148.17,150.34,21493200,AAPL,STK,
2017-07-25 00:00:00+00:00,AAPL,150.05,152.07,150.05,150.98,18853900,AAPL,STK,
2017-07-26 00:00:00+00:00,AAPL,151.58,152.16,151.3,151.69,15781000,AAPL,STK,
2017-07-27 00:00:00+00:00,AAPL,151.98,152.22,145.6,148.83,32476300,AAPL,STK,
2017-07-28 00:00:00+00:00,AAPL,148.16,148.5,147.47,147.78,17213700,AAPL,STK,
2017-07-31 00:00:00+00:00,AAPL,148.17,148.6,146.43,147.02,19845900,AAPL,STK,
2017-08-01 00:00:00+00:00,AAPL,147.38,148.49,146.7,148.32,35368600,AAPL,STK,
2017-08-02 00:00:00+00:00,AAPL,157.45,157.91,154.36,155.33,69936800,AAPL,STK,
2017-08-03 00:00:00+00:00,AAPL,155.24,155.4,153.24,153.78,27097300,AAPL,STK,
2017-08-04 00:00:00+00:00,AAPL,154.27,155.59,153.9,154.59,20559900,AAPL,STK,
2017-08-07 00:00:00+00:00,AAPL,155.25,157.09,154.87,156.98,21870300,AAPL,STK,
2017-08-08 00:00:00+00:00,AAPL,156.77,159.97,156.45,158.24,36205900,AAPL,STK,
2017-08-09 00:00:00+00:00,AAPL,157.43,159.41,157.28,159.21,26131500,AAPL,STK,
2017-08-10 00:00:00+00:00,AAPL,158.68,158.78,153.45,154.14,40804300,AAPL,STK,
2017-08-11 00:00:00+00:00,AAPL,155.41,157.36,154.88,156.28,26257100,AAPL,STK,
2017-08-14 00:00:00+00:00,AAPL,158.1,158.99,157.54,158.63,22122700,AAPL,STK,
2017-08-15 00:00:00+00:00,AAPL,159.43,160.96,158.92,160.37,29465500,AAPL,STK,
2017-08-16 00:00:00+00:00,AAPL,160.7,161.27,158.93,159.72,27671600,AAPL,STK,
2017-08-17 00:00:00+00:00,AAPL,159.3,159.48,156.64,156.66,27940600,AAPL,STK,
2017-08-18 00:00:00+00:00,AAPL,156.66,158.28,155.52,156.3,27428100,AAPL,STK,
2017-08-21 00:00:00+00:00,AAPL,156.3,156.69,153.93,156.01,26368500,AAPL,STK,
2017-08-22 00:00:00+00:00,AAPL,157.02,158.78,156.81,158.56,21604600,AAPL,STK,
2017-08-23 00:00:00+00:00,AAPL,157.86,159.25,157.67,158.76,19399100,AAPL,STK,
2017-08-24 00:00:00+00:00,AAPL,159.21,159.51,157.34,158.06,19818900,AAPL,STK,
2017-08-25 00:00:00+00:00,AAPL,158.43,159.34,158.06,158.64,25480100,AAPL,STK,
2017-08-28 00:00:00+00:00,AAPL,158.92,160.76,158.71,160.24,25966000,AAPL,STK,
2017-08-29 00:00:00+00:00,AAPL,158.88,161.88,158.78,161.67,29516900,AAPL,STK,
2017-08-30 00:00:00+00:00,AAPL,162.55,162.64,161.37,162.1,27269600,AAPL,STK,
2017-08-31 00:00:00+00:00,AAPL,162.39,163.27,162.23,162.75,26785100,AAPL,STK,
2017-09-01 00:00:00+00:00,AAPL,163.54,163.68,162.38,162.8,16591100,AAPL,STK,
2017-09-05 00:00:00+00:00,AAPL,162.5,163.0,159.34,160.84,29468500,AAPL,STK,
2017-09-06 00:00:00+00:00,AAPL,161.47,161.75,159.3,160.67,21651700,AAPL,STK,
2017-09-07 00:00:00+00:00,AAPL,160.85,161.0,159.14,160.03,21928500,AAPL,STK,
2017-09-08 00:00:00+00:00,AAPL,159.63,159.92,157.32,157.42,28611500,AAPL,STK,
2017-09-11 00:00:00+00:00,AAPL,159.28,160.81,158.67,160.27,31085900,AAPL,STK,
2017-09-12 00:00:00+00:00,AAPL,161.37,162.71,157.56,159.63,71714000,AAPL,STK,
2017-09-13 00:00:00+00:00,AAPL,158.65,158.74,156.71,158.43,44907400,AAPL,STK,
2017-09-14 00:00:00+00:00,AAPL,157.78,158.18,156.88,157.07,23760700,AAPL,STK,
2017-09-15 00:00:00+00:00,AAPL,157.26,159.74,156.79,158.66,49114600,AAPL,STK,
2017-09-18 00:00:00+00:00,AAPL,158.89,159.28,156.79,157.46,28269400,AAPL,STK,
2017-09-19 00:00:00+00:00,AAPL,158.29,158.55,157.23,157.52,20810600,AAPL,STK,
2017-09-20 00:00:00+00:00,AAPL,156.7,157.05,152.66,154.88,52951400,AAPL,STK,
2017-09-21 00:00:00+00:00,AAPL,154.61,154.61,151.58,152.22,37511700,AAPL,STK,
2017-09-22 00:00:00+00:00,AAPL,150.38,151.11,149.41,150.73,46645400,AAPL,STK,
2017-09-25 00:00:00+00:00,AAPL,148.85,150.67,148.02,149.4,44387300,AAPL,STK,
2017-09-26 00:00:00+00:00,AAPL,150.62,152.75,150.53,151.97,36660000,AAPL,STK,
2017-09-27 00:00:00+00:00,AAPL,152.63,153.54,152.37,153.05,25504200,AAPL,STK,
2017-09-28 00:00:00+00:00,AAPL,152.72,153.1,151.54,152.11,22005500,AAPL,STK,
2017-09-29 00:00:00+00:00,AAPL,152.04,152.95,150.84,152.94,26299800,AAPL,STK,
2017-10-02 00:00:00+00:00,AAPL,153.08,153.27,151.56,152.64,18698800,AAPL,STK,
2017-10-03 00:00:00+00:00,AAPL,152.84,153.91,152.74,153.3,16230300,AAPL,STK,
2017-10-04 00:00:00+00:00,AAPL,152.46,152.69,151.3,152.31,20163800,AAPL,STK,
2017-10-05 00:00:00+00:00,AAPL,153.0,154.25,152.87,154.2,21283800,AAPL,STK,
2017-10-06 00:00:00+00:00,AAPL,153.79,154.3,153.38,154.12,17407600,AAPL,STK,
2017-10-09 00:00:00+00:00,AAPL,154.62,155.53,154.3,154.65,16262900,AAPL,STK,
2017-10-10 00:00:00+00:00,AAPL,154.87,156.79,153.92,154.71,15617000,AAPL,STK,
2017-10-11 00:00:00+00:00,AAPL,154.78,155.78,154.56,155.36,16905600,AAPL,STK,
2017-10-12 00:00:00+00:00,AAPL,155.16,156.17,154.54,154.81,16125100,AAPL,STK,
2017-10-13 00:00:00+00:00,AAPL,155.53,156.08,155.22,155.79,16394200,AAPL,STK,
2017-10-16 00:00:00+00:00,AAPL,156.7,158.78,156.45,158.66,24121500,AAPL,STK,
2017-10-17 00:00:00+00:00,AAPL,158.56,159.64,158.02,159.25,18997300,AAPL,STK,
2017-10-18 00:00:00+00:00,AAPL,159.2,159.48,158.38,158.54,16374200,AAPL,STK,
2017-10-19 00:00:00+00:00,AAPL,155.55,155.88,153.84,154.79,42584200,AAPL,STK,
2017-10-20 00:00:00+00:00,AAPL,155.42,156.55,154.77,155.06,23974100,AAPL,STK,
2017-10-23 00:00:00+00:00,AAPL,155.69,156.49,154.31,154.98,21984300,AAPL,STK,
2017-10-24 00:00:00+00:00,AAPL,155.1,156.22,155.01,155.9,17757200,AAPL,STK,
2017-10-25 00:00:00+00:00,AAPL,155.71,156.35,154.09,155.22,21207100,AAPL,STK,
2017-10-26 00:00:00+00:00,AAPL,156.03,156.63,155.58,156.21,17000500,AAPL,STK,
2017-10-27 00:00:00+00:00,AAPL,158.07,162.35,157.49,161.81,44454200,AAPL,STK,
2017-10-30 00:00:00+00:00,AAPL,162.64,166.79,162.47,165.45,44700800,AAPL,STK,
2017-10-31 00:00:00+00:00,AAPL,166.62,168.36,165.67,167.75,36046800,AAPL,STK,
2017-11-01 00:00:00+00:00,AAPL,168.57,168.64,164.35,165.62,33637800,AAPL,STK,
2017-11-02 00:00:00+00:00,AAPL,165.33,167.21,164.02,166.83,41393400,AAPL,STK,
2017-11-03 00:00:00+00:00,AAPL,172.67,172.93,169.81,171.18,59398600,AAPL,STK,
2017-11-06 00:00:00+00:00,AAPL,171.06,173.66,170.41,172.92,35026300,AAPL,STK,
2017-11-07 00:00:00+00:00,AAPL,172.58,173.91,172.28,173.48,24361500,AAPL,STK,
2017-11-08 00:00:00+00:00,AAPL,173.33,174.9,173.0,174.9,24409500,AAPL,STK,
2017-11-09 00:00:00+00:00,AAPL,173.77,174.76,171.82,174.54,29482600,AAPL,STK,
2017-11-10 00:00:00+00:00,AAPL,174.4,174.67,173.56,173.96,25145500,AAPL,STK,
2017-11-13 00:00:00+00:00,AAPL,172.8,173.79,172.7,173.26,16982100,AAPL,STK,
2017-11-14 00:00:00+00:00,AAPL,172.34,172.78,170.48,170.64,24782500,AAPL,STK,
2017-11-15 00:00:00+00:00,AAPL,169.28,169.63,167.7,168.39,29158100,AAPL,STK,
2017-11-16 00:00:00+00:00,AAPL,170.48,171.17,169.61,170.41,23637500,AAPL,STK,
2017-11-17 00:00:00+00:00,AAPL,170.35,170.69,168.95,169.46,21899500,AAPL,STK,
2017-11-20 00:00:00+00:00,AAPL,169.6,169.87,168.87,169.29,16262400,AAPL,STK,
2017-11-21 00:00:00+00:00,AAPL,170.09,172.99,170.09,172.44,25131300,AAPL,STK,
2017-11-22 00:00:00+00:00,AAPL,172.66,174.29,172.35,174.25,25588900,AAPL,STK,
2017-11-24 00:00:00+00:00,AAPL,174.39,174.79,173.94,174.26,14026700,AAPL,STK,
2017-11-27 00:00:00+00:00,AAPL,174.34,174.37,172.64,173.38,20716800,AAPL,STK,
2017-11-28 00:00:00+00:00,AAPL,173.59,174.16,171.16,172.37,26428800,AAPL,STK,
2017-11-29 00:00:00+00:00,AAPL,171.93,172.22,166.48,168.79,41666400,AAPL,STK,
2017-11-30 00:00:00+00:00,AAPL,169.74,171.44,167.76,171.15,41527200,AAPL,STK,
2017-12-01 00:00:00+00:00,AAPL,169.26,170.97,167.82,170.36,39759300,AAPL,STK,
2017-12-04 00:00:00+00:00,AAPL,171.78,171.92,168.94,169.11,32542400,AAPL,STK,
2017-12-05 00:00:00+00:00,AAPL,168.37,170.82,167.72,168.95,27350200,AAPL,STK,
2017-12-06 00:00:00+00:00,AAPL,166.82,169.51,165.78,168.32,28560000,AAPL,STK,
2017-12-07 00:00:00+00:00,AAPL,168.34,169.75,168.22,168.63,25673300,AAPL,STK,
2017-12-08 00:00:00+00:00,AAPL,169.8,170.31,168.13,168.68,23355200,AAPL,STK,
2017-12-11 00:00:00+00:00,AAPL,168.51,172.19,168.1,171.97,35273800,AAPL,STK,
2017-12-12 00:00:00+00:00,AAPL,171.45,171.69,170.76,171.0,19409200,AAPL,STK,
2017-12-13 00:00:00+00:00,AAPL,171.8,172.84,171.3,171.57,23818400,AAPL,STK,
2017-12-14 00:00:00+00:00,AAPL,171.7,172.43,170.95,171.52,20476500,AAPL,STK,
2017-12-15 00:00:00+00:00,AAPL,172.92,173.46,171.76,173.26,40169300,AAPL,STK,
2017-12-18 00:00:00+00:00,AAPL,174.17,176.48,174.15,175.7,29421100,AAPL,STK,
2017-12-19 00:00:00+00:00,AAPL,174.32,174.68,173.38,173.83,27436400,AAPL,STK,
2017-12-20 00:00:00+00:00,AAPL,174.16,174.71,172.55,173.64,23475600,AAPL,STK,
2017-12-21 00:00:00+00:00,AAPL,173.46,175.31,173.39,174.3,20949900,AAPL,STK,
2017-12-22 00:00:00+00:00,AAPL,173.97,174.71,173.79,174.3,16349400,AAPL,STK,
2017-12-26 00:00:00+00:00,AAPL,170.11,170.77,168.99,169.88,33185500,AAPL,STK,
2017-12-27 00:00:00+00:00,AAPL,169.41,170.09,169.02,169.91,21498200,AAPL,STK,
2017-12-28 00:00:00+00:00,AAPL,170.31,171.15,169.79,170.39,16480200,AAPL,STK,
2017-12-29 00:00:00+00:00,AAPL,169.83,169.9,168.53,168.54,25999900,AAPL,STK,
2018-01-02 00:00:00+00:00,AAPL,169.47,171.6,168.57,171.56,25555900,AAPL,STK,
2018-01-03 00:00:00+00:00,AAPL,171.83,173.84,171.26,171.53,29517900,AAPL,STK,
2018-01-04 00:00:00+00:00,AAPL,171.84,172.77,171.38,172.33,22434600,AAPL,STK,
2018-01-05 00:00:00+00:00,AAPL,172.74,174.66,172.35,174.29,23660000,AAPL,STK,
2018-01-08 00:00:00+00:00,AAPL,173.64,174.9,173.22,173.64,20567800,AAPL,STK,
2018-01-09 00:00:00+00:00,AAPL,173.84,174.35,172.71,173.62,21584000,AAPL,STK,
2018-01-10 00:00:00+00:00,AAPL,172.46,173.59,172.3,173.58,23959900,AAPL,STK,
2018-01-11 00:00:00+00:00,AAPL,173.88,174.78,173.78,174.57,18667700,AAPL,STK,
2018-01-12 00:00:00+00:00,AAPL,175.46,176.64,174.94,176.37,25418100,AAPL,STK,
2018-01-16 00:00:00+00:00,AAPL,177.18,178.66,175.42,175.47,29565900,AAPL,STK,
2018-01-17 00:00:00+00:00,AAPL,175.43,178.52,174.36,178.37,34386800,AAPL,STK,
2018-01-18 00:00:00+00:00,AAPL,178.64,179.37,177.53,178.53,31193400,AAPL,STK,
2018-01-19 00:00:00+00:00,AAPL,177.88,178.85,176.69,177.74,32425100,AAPL,STK,
2018-01-22 00:00:00+00:00,AAPL,176.58,177.06,175.88,176.28,27108600,AAPL,STK,
2018-01-23 00:00:00+00:00,AAPL,176.58,178.71,176.1,176.32,32689100,AAPL,STK,
2018-01-24 00:00:00+00:00,AAPL,176.53,176.58,172.5,173.51,51105100,AAPL,STK,
2018-01-25 00:00:00+00:00,AAPL,173.8,174.24,169.84,170.42,41529000,AAPL,STK,
2018-01-26 00:00:00+00:00,AAPL,171.3,171.3,169.37,170.81,39143000,AAPL,STK,
2018-01-29 00:00:00+00:00,AAPL,169.47,169.47,166.39,167.28,50640400,AAPL,STK,
2018-01-30 00:00:00+00:00,AAPL,164.86,166.69,164.03,166.29,46048200,AAPL,STK,
2018-01-31 00:00:00+00:00,AAPL,166.19,167.76,165.82,166.75,32478900,AAPL,STK,
2018-02-01 00:00:00+00:00,AAPL,166.49,167.94,166.08,167.1,47230800,AAPL,STK,
2018-02-02 00:00:00+00:00,AAPL,165.33,166.12,159.45,159.85,86593800,AAPL,STK,
2018-02-05 00:00:00+00:00,AAPL,158.45,163.21,155.37,155.85,72738500,AAPL,STK,
2018-02-06 00:00:00+00:00,AAPL,154.2,163.06,153.37,162.37,68243800,AAPL,STK,
2018-02-07 00:00:00+00:00,AAPL,162.43,162.74,158.42,158.89,51608600,AAPL,STK,
2018-02-08 00:00:00+00:00,AAPL,159.64,160.35,154.4,154.52,54390500,AAPL,STK,
2018-02-09 00:00:00+00:00,AAPL,157.07,157.89,150.24,156.41,70672600,AAPL,STK,
2018-02-12 00:00:00+00:00,AAPL,158.5,163.89,157.51,162.71,60819500,AAPL,STK,
2018-02-13 00:00:00+00:00,AAPL,161.95,164.75,161.65,164.34,32549200,AAPL,STK,
2018-02-14 00:00:00+00:00,AAPL,163.04,167.54,162.88,167.37,40644900,AAPL,STK,
2018-02-15 00:00:00+00:00,AAPL,169.79,173.09,169.0,172.99,51147200,AAPL,STK,
2018-02-16 00:00:00+00:00,AAPL,172.36,174.82,171.77,172.43,39963200,AAPL,STK,
